"SKU","Model","ProductType","Status","ExistingURL","ProposedURL","CandidateURLs"
"BA08 011 5902 US","BGA 30","Tool","Ready to add","","https://www.westendpower.com/new-models/stihl-bga-30-unit-only-29386321b","https://www.westendpower.com/new-models/stihl-bga-30-set-w2x-as-2-batteries-al-1-charger-29386327b | https://www.westendpower.com/new-models/stihl-bga-30-unit-only-29386321b"
"BA08 011 5912 US","BGA 30","Kit","Ready to add","","https://www.westendpower.com/new-models/stihl-bga-30-set-w2x-as-2-batteries-al-1-charger-29386327b","https://www.westendpower.com/new-models/stihl-bga-30-set-w2x-as-2-batteries-al-1-charger-29386327b | https://www.westendpower.com/new-models/stihl-bga-30-unit-only-29386321b"
"BA05 011 5901 US","BGA 50","Tool","Review variant","","","https://www.westendpower.com/new-models/stihl-bga-50-set-wbattery-charger-29386354b"
"BA05 011 5919 US","BGA 50","Kit","Ready to add","","https://www.westendpower.com/new-models/stihl-bga-50-set-wbattery-charger-29386354b","https://www.westendpower.com/new-models/stihl-bga-50-set-wbattery-charger-29386354b"
"4523 011 5961 US","BGA 57","Tool","No catalog page","","",""
"BA04 011 5901 US","BGA 60","Tool","Ready to add","","https://www.westendpower.com/new-models/stihl-bga-60-unit-only-29386220b","https://www.westendpower.com/new-models/stihl-bga-60-set-wbattery-charger-29386228b | https://www.westendpower.com/new-models/stihl-bga-60-unit-only-29386220b"
"BA04 011 5941 US","BGA 60","Kit","Ready to add","","https://www.westendpower.com/new-models/stihl-bga-60-set-wbattery-charger-29386228b","https://www.westendpower.com/new-models/stihl-bga-60-set-wbattery-charger-29386228b | https://www.westendpower.com/new-models/stihl-bga-60-unit-only-29386220b"
"FA10 011 5701 US","FSA 30","Tool","Ready to add","","https://www.westendpower.com/new-models/stihl-fsa-30-unit-only-29386209b","https://www.westendpower.com/new-models/stihl-fsa-30-set-wbattery-charger-29386214b | https://www.westendpower.com/new-models/stihl-fsa-30-unit-only-29386209b"
"FA10 011 5711 US","FSA 30","Kit","Ready to add","","https://www.westendpower.com/new-models/stihl-fsa-30-set-wbattery-charger-29386214b","https://www.westendpower.com/new-models/stihl-fsa-30-set-wbattery-charger-29386214b | https://www.westendpower.com/new-models/stihl-fsa-30-unit-only-29386209b"
"FA11 011 5711 US","FSA 50","Kit","Ready to add","","https://www.westendpower.com/new-models/stihl-fsa-50-set-wbattery-charger-29385606b","https://www.westendpower.com/new-models/stihl-fsa-50-set-wbattery-charger-29385606b"
"FA04 011 5701 US","FSA 60 R","Tool","Ready to add","","https://www.westendpower.com/new-models/stihl-fsa-60-r-unit-only-29385629b","https://www.westendpower.com/new-models/stihl-fsa-60-r-set-wbattery-charger-29385639b | https://www.westendpower.com/new-models/stihl-fsa-60-r-unit-only-29385629b"
"FA04 011 5741 US","FSA 60 R","Kit","Ready to add","","https://www.westendpower.com/new-models/stihl-fsa-60-r-set-wbattery-charger-29385639b","https://www.westendpower.com/new-models/stihl-fsa-60-r-set-wbattery-charger-29385639b | https://www.westendpower.com/new-models/stihl-fsa-60-r-unit-only-29385629b"
"FA07 011 5701 US","FSA 70 R","Tool","Ready to add","","https://www.westendpower.com/new-models/stihl-fsa-70-r-unit-only-29385647b","https://www.westendpower.com/new-models/stihl-fsa-70-r-set-wbattery-charger-29385641b | https://www.westendpower.com/new-models/stihl-fsa-70-r-unit-only-29385647b"
"FA07 011 5711 US","FSA 70 R","Kit","Ready to add","","https://www.westendpower.com/new-models/stihl-fsa-70-r-set-wbattery-charger-29385641b","https://www.westendpower.com/new-models/stihl-fsa-70-r-set-wbattery-charger-29385641b | https://www.westendpower.com/new-models/stihl-fsa-70-r-unit-only-29385647b"
"FA08 011 5721 US","FSA 80 R","Tool","Ready to add","","https://www.westendpower.com/new-models/stihl-fsa-80-r-unit-only-29385652b","https://www.westendpower.com/new-models/stihl-fsa-80-r-set-wbattery-charger-29385665b | https://www.westendpower.com/new-models/stihl-fsa-80-r-unit-only-29385652b"
"FA08 011 5731 US","FSA 80 R","Kit","Ready to add","","https://www.westendpower.com/new-models/stihl-fsa-80-r-set-wbattery-charger-29385665b","https://www.westendpower.com/new-models/stihl-fsa-80-r-set-wbattery-charger-29385665b | https://www.westendpower.com/new-models/stihl-fsa-80-r-unit-only-29385652b"
"FA08 011 5701 US","FSA 80","Tool","Ready to add","","https://www.westendpower.com/new-models/stihl-fsa-80-unit-only-29385659b","https://www.westendpower.com/new-models/stihl-fsa-80-set-wbattery-charger-29385661b | https://www.westendpower.com/new-models/stihl-fsa-80-unit-only-29385659b"
"FA08 011 5711 US","FSA 80","Kit","Ready to add","","https://www.westendpower.com/new-models/stihl-fsa-80-set-wbattery-charger-29385661b","https://www.westendpower.com/new-models/stihl-fsa-80-set-wbattery-charger-29385661b | https://www.westendpower.com/new-models/stihl-fsa-80-unit-only-29385659b"
"GA01 011 6906 US","GTA 26","Tool","Ready to add","","https://www.westendpower.com/new-models/stihl-gta-26-unit-only-battery-garden-pruner-29386371b","https://www.westendpower.com/new-models/stihl-gta-26-extension-29387473b | https://www.westendpower.com/new-models/stihl-gta-26-set-wbattery-charger-garden-pruner-29386368b | https://www.westendpower.com/new-models/stihl-gta-26-unit-only-battery-garden-pruner-29386371b"
"GA01 011 6911 US","GTA 26","Kit","Ready to add","","https://www.westendpower.com/new-models/stihl-gta-26-set-wbattery-charger-garden-pruner-29386368b","https://www.westendpower.com/new-models/stihl-gta-26-extension-29387473b | https://www.westendpower.com/new-models/stihl-gta-26-set-wbattery-charger-garden-pruner-29386368b | https://www.westendpower.com/new-models/stihl-gta-26-unit-only-battery-garden-pruner-29386371b"
"GA05 011 6911 US","GTA 30","Kit","Ready to add","","https://www.westendpower.com/new-models/stihl-gta-30-set-wbatteries-charger-garden-pruner-29386380b","https://www.westendpower.com/new-models/stihl-gta-30-set-wbatteries-charger-garden-pruner-29386380b"
"GA04 011 6901 US","GTA 40","Tool","Ready to add","","https://www.westendpower.com/new-models/stihl-gta-40-unit-only-battery-garden-pruner-29386382b","https://www.westendpower.com/new-models/stihl-gta-40-set-wbatteries-charger-garden-pruner-29386383b | https://www.westendpower.com/new-models/stihl-gta-40-unit-only-battery-garden-pruner-29386382b"
"GA04 011 6911 US","GTA 40","Kit","Ready to add","","https://www.westendpower.com/new-models/stihl-gta-40-set-wbatteries-charger-garden-pruner-29386383b","https://www.westendpower.com/new-models/stihl-gta-40-set-wbatteries-charger-garden-pruner-29386383b | https://www.westendpower.com/new-models/stihl-gta-40-unit-only-battery-garden-pruner-29386382b"
"HA10 011 2911 US","HLA 40","Kit","Ready to add","","https://www.westendpower.com/new-models/stihl-hla-40-set-wbattery-charger-extended-reach-29386148b","https://www.westendpower.com/new-models/stihl-hla-40-set-wbattery-charger-extended-reach-29386148b"
"HA01 011 2901 US","HLA 56","Tool","Ready to add","","https://www.westendpower.com/new-models/stihl-hla-56-unit-only-battery-powered-extended-reach-29386158b","https://www.westendpower.com/new-models/stihl-hla-56-unit-only-battery-powered-extended-reach-29386158b"
"HA01 200 0004","HLA 56","Kit","Review variant","","","https://www.westendpower.com/new-models/stihl-hla-56-unit-only-battery-powered-extended-reach-29386158b"
"HA01 200 0037","HLA 56","Kit","Review variant","","","https://www.westendpower.com/new-models/stihl-hla-56-unit-only-battery-powered-extended-reach-29386158b"
"HA03 011 3501 US","HSA 26","Tool","Ready to add","","https://www.westendpower.com/new-models/stihl-hsa-26-unit-only-hedge-trimmer-29385688b","https://www.westendpower.com/new-models/stihl-hsa-26-set-wbattery-charger-hedge-trimmer-29385687b | https://www.westendpower.com/new-models/stihl-hsa-26-unit-only-hedge-trimmer-29385688b"
"HA03 011 3507 US","HSA 26","Kit","Ready to add","","https://www.westendpower.com/new-models/stihl-hsa-26-set-wbattery-charger-hedge-trimmer-29385687b","https://www.westendpower.com/new-models/stihl-hsa-26-set-wbattery-charger-hedge-trimmer-29385687b | https://www.westendpower.com/new-models/stihl-hsa-26-unit-only-hedge-trimmer-29385688b"
"HA08 011 3502 US","HSA 30","Tool","Ready to add","","https://www.westendpower.com/new-models/stihl-hsa-30-unit-only-battery-powered-hedge-trimmer-29386045b","https://www.westendpower.com/new-models/stihl-hsa-30-set-wbattery-charger-hedge-trimmer-29386040b | https://www.westendpower.com/new-models/stihl-hsa-30-unit-only-battery-powered-hedge-trimmer-29386045b"
"HA08 011 3509 US","HSA 30","Kit","Ready to add","","https://www.westendpower.com/new-models/stihl-hsa-30-set-wbattery-charger-hedge-trimmer-29386040b","https://www.westendpower.com/new-models/stihl-hsa-30-set-wbattery-charger-hedge-trimmer-29386040b | https://www.westendpower.com/new-models/stihl-hsa-30-unit-only-battery-powered-hedge-trimmer-29386045b"
"HA08 011 3522 US","HSA 40","Tool","Ready to add","","https://www.westendpower.com/new-models/stihl-hsa-40-unit-only-hedge-trimmer-29386054b","https://www.westendpower.com/new-models/stihl-hsa-40-set-wbattery-charger-hedge-trimmer-29386050b | https://www.westendpower.com/new-models/stihl-hsa-40-unit-only-hedge-trimmer-29386054b"
"HA08 011 3529 US","HSA 40","Kit","Ready to add","","https://www.westendpower.com/new-models/stihl-hsa-40-set-wbattery-charger-hedge-trimmer-29386050b","https://www.westendpower.com/new-models/stihl-hsa-40-set-wbattery-charger-hedge-trimmer-29386050b | https://www.westendpower.com/new-models/stihl-hsa-40-unit-only-hedge-trimmer-29386054b"
"4521 011 3561 US","HSA 50","Tool","Ready to add","","https://www.westendpower.com/new-models/stihl-hsa-50-unit-only-battery-powered-hedge-trimmer-29386088b","https://www.westendpower.com/new-models/stihl-hsa-50-set-wbattery-charger-hedge-trimmer-29386092b | https://www.westendpower.com/new-models/stihl-hsa-50-unit-only-battery-powered-hedge-trimmer-29386088b"
"4521 011 3571 US","HSA 50","Kit","Ready to add","","https://www.westendpower.com/new-models/stihl-hsa-50-set-wbattery-charger-hedge-trimmer-29386092b","https://www.westendpower.com/new-models/stihl-hsa-50-set-wbattery-charger-hedge-trimmer-29386092b | https://www.westendpower.com/new-models/stihl-hsa-50-unit-only-battery-powered-hedge-trimmer-29386088b"
"HA06 011 3501 US","HSA 60","Tool","Ready to add","","https://www.westendpower.com/new-models/stihl-hsa-60-unit-only-battery-powered-hedge-trimmer-29386027b","https://www.westendpower.com/new-models/stihl-hsa-60-set-wbattery-charger-hedge-trimmer-29386030b | https://www.westendpower.com/new-models/stihl-hsa-60-unit-only-battery-powered-hedge-trimmer-29386027b"
"HA06 011 3541 US","HSA 60","Kit","Ready to add","","https://www.westendpower.com/new-models/stihl-hsa-60-set-wbattery-charger-hedge-trimmer-29386030b","https://www.westendpower.com/new-models/stihl-hsa-60-set-wbattery-charger-hedge-trimmer-29386030b | https://www.westendpower.com/new-models/stihl-hsa-60-unit-only-battery-powered-hedge-trimmer-29386027b"
"LA02 011 6401 US","HTA 50","Tool","Ready to add","","https://www.westendpower.com/new-models/stihl-hta-50-unit-only-29388199b","https://www.westendpower.com/new-models/stihl-hta-50-battery-powered-pole-pruner-29385045b | https://www.westendpower.com/new-models/stihl-hta-50-unit-only-29388199b"
"LA02 200 0018","HTA 50","Kit","Review variant","","","https://www.westendpower.com/new-models/stihl-hta-50-battery-powered-pole-pruner-29385045b | https://www.westendpower.com/new-models/stihl-hta-50-unit-only-29388199b"
"FA08 011 6801 US","KMA 80 R","Tool","Ready to add","","https://www.westendpower.com/new-models/stihl-kma-80-r-unit-only-battery-kombisystem-29386325b","https://www.westendpower.com/new-models/stihl-kma-80-r-set-battery-charger-only-kombisystem-29386329b | https://www.westendpower.com/new-models/stihl-kma-80-r-unit-only-battery-kombisystem-29386325b"
"FA08 011 6810 US","KMA 80 R","Kit","Ready to add","","https://www.westendpower.com/new-models/stihl-kma-80-r-set-battery-charger-only-kombisystem-29386329b","https://www.westendpower.com/new-models/stihl-kma-80-r-set-battery-charger-only-kombisystem-29386329b | https://www.westendpower.com/new-models/stihl-kma-80-r-unit-only-battery-kombisystem-29386325b"
"FA08 011 6811 US","KMA 80 R","Kit","Ready to add","","https://www.westendpower.com/new-models/stihl-kma-80-r-set-battery-charger-only-kombisystem-29386329b","https://www.westendpower.com/new-models/stihl-kma-80-r-set-battery-charger-only-kombisystem-29386329b | https://www.westendpower.com/new-models/stihl-kma-80-r-unit-only-battery-kombisystem-29386325b"
"SA06 011 8201 US","KOA 20","Tool","Ready to add","","https://www.westendpower.com/new-models/stihl-koa-20-unit-only-29386546b","https://www.westendpower.com/new-models/stihl-koa-20-set-wbattery-charger-29386548b | https://www.westendpower.com/new-models/stihl-koa-20-unit-only-29386546b"
"SA06 011 8211 US","KOA 20","Kit","Ready to add","","https://www.westendpower.com/new-models/stihl-koa-20-set-wbattery-charger-29386548b","https://www.westendpower.com/new-models/stihl-koa-20-set-wbattery-charger-29386548b | https://www.westendpower.com/new-models/stihl-koa-20-unit-only-29386546b"
"MA04 011 5867 US","MSA 60 C-B","Kit","Ready to add","","https://www.westendpower.com/new-models/stihl-msa-60-c-b-set-wbattery-charger-chainsaw-29381600b","https://www.westendpower.com/new-models/stihl-msa-60-c-b-set-wbattery-charger-chainsaw-29381600b | https://www.westendpower.com/new-models/stihl-msa-60-c-bq-set-29387754b"
"MA04 011 5817 US","MSA 70 C-B","Tool","Ready to add","","https://www.westendpower.com/new-models/stihl-msa-70-c-b-unit-only-battery-powered-chainsaw-29381558b","https://www.westendpower.com/new-models/stihl-msa-70-c-b-set-wak-30-battery-powered-chainsaw-29381562b | https://www.westendpower.com/new-models/stihl-msa-70-c-b-unit-only-battery-powered-chainsaw-29381558b"
"MA04 011 5877 US","MSA 70 C-B","Tool","Ready to add","","https://www.westendpower.com/new-models/stihl-msa-70-c-b-unit-only-battery-powered-chainsaw-29381558b","https://www.westendpower.com/new-models/stihl-msa-70-c-b-set-wak-30-battery-powered-chainsaw-29381562b | https://www.westendpower.com/new-models/stihl-msa-70-c-b-unit-only-battery-powered-chainsaw-29381558b"
"MA04 011 5883 US","MSA 70 C-B","Kit","Ready to add","","https://www.westendpower.com/new-models/stihl-msa-70-c-b-set-wak-30-battery-powered-chainsaw-29381562b","https://www.westendpower.com/new-models/stihl-msa-70-c-b-set-wak-30-battery-powered-chainsaw-29381562b | https://www.westendpower.com/new-models/stihl-msa-70-c-b-unit-only-battery-powered-chainsaw-29381558b"
"MA04 011 5845 US","MSA 80 C-B","Tool","Ready to add","","https://www.westendpower.com/new-models/stihl-msa-80-c-b-unit-only-battery-powered-chainsaw-29381639b","https://www.westendpower.com/new-models/stihl-msa-80-c-b-set-battery-powered-chainsaw-29381643b | https://www.westendpower.com/new-models/stihl-msa-80-c-b-unit-only-battery-powered-chainsaw-29381639b"
"MA04 011 5835 US","MSA 80 C-B","Kit","Ready to add","","https://www.westendpower.com/new-models/stihl-msa-80-c-b-set-battery-powered-chainsaw-29381643b","https://www.westendpower.com/new-models/stihl-msa-80-c-b-set-battery-powered-chainsaw-29381643b | https://www.westendpower.com/new-models/stihl-msa-80-c-b-unit-only-battery-powered-chainsaw-29381639b"
"1254 011 5871 US","MSA 120 C-BQ","Tool","No catalog page","","",""
"GA08 011 8001 US","PS 1","Tool","Review variant","","","https://www.westendpower.com/new-models/stihl-ps-10-folding-hand-saw-29386389b | https://www.westendpower.com/new-models/stihl-ps-10-power-29398080b"
"RA02 011 7601 US","RCA 20","Tool","Ready to add","","https://www.westendpower.com/new-models/stihl-rca-20-battery-pressure-washer-unit-only-29386481b","https://www.westendpower.com/new-models/stihl-rca-20-battery-pressure-washer-set-wbc-29386489b | https://www.westendpower.com/new-models/stihl-rca-20-battery-pressure-washer-unit-only-29386481b"
"RA02 011 7611 US","RCA 20","Kit","Ready to add","","https://www.westendpower.com/new-models/stihl-rca-20-battery-pressure-washer-set-wbc-29386489b","https://www.westendpower.com/new-models/stihl-rca-20-battery-pressure-washer-set-wbc-29386489b | https://www.westendpower.com/new-models/stihl-rca-20-battery-pressure-washer-unit-only-29386481b"
"RA01 011 7603 US","REA 60","Tool","Ready to add","","https://www.westendpower.com/new-models/stihl-rea-60-plus-unit-only-29386495b","https://www.westendpower.com/new-models/stihl-rea-60-plus-unit-only-29386495b | https://www.westendpower.com/new-models/stihl-rea-60-set-wbattery-charger-29386503b"
"RA01 011 7623 US","REA 60","Kit","Ready to add","","https://www.westendpower.com/new-models/stihl-rea-60-set-wbattery-charger-29386503b","https://www.westendpower.com/new-models/stihl-rea-60-plus-unit-only-29386495b | https://www.westendpower.com/new-models/stihl-rea-60-set-wbattery-charger-29386503b"
"WA31 011 1400 US","RMA 348","Tool","Ready to add","","https://www.westendpower.com/new-models/stihl-rma-348-unit-only-battery-powered-lawn-mower-29381255b","https://www.westendpower.com/new-models/stihl-rma-348-set-battery-powered-lawn-mower-29381269b | https://www.westendpower.com/new-models/stihl-rma-348-unit-only-battery-powered-lawn-mower-29381255b"
"SA03 011 7301 US","SEA 20","Tool","Ready to add","","https://www.westendpower.com/new-models/stihl-sea-20-battery-handheld-vacuum-unit-only-29386520b","https://www.westendpower.com/new-models/stihl-sea-20-battery-handheld-vacuum-unit-only-29386520b | https://www.westendpower.com/new-models/stihl-sea-20-handheld-vacuum-set-wbattery-charger-29386529b"
"SA03 011 7311 US","SEA 20","Kit","Ready to add","","https://www.westendpower.com/new-models/stihl-sea-20-handheld-vacuum-set-wbattery-charger-29386529b","https://www.westendpower.com/new-models/stihl-sea-20-battery-handheld-vacuum-unit-only-29386520b | https://www.westendpower.com/new-models/stihl-sea-20-handheld-vacuum-set-wbattery-charger-29386529b"
"SA04 011 7303 US","SEA 60","Tool","Ready to add","","https://www.westendpower.com/new-models/stihl-sea-60-unit-only-battery-powered-wetdry-vacuum-29386530b","https://www.westendpower.com/new-models/stihl-sea-60-unit-only-battery-powered-wetdry-vacuum-29386530b"
"SA04 211 0000 US","SEA 60","Kit","Review variant","","","https://www.westendpower.com/new-models/stihl-sea-60-unit-only-battery-powered-wetdry-vacuum-29386530b"
"SA09 011 7011 US","SGA 30","Kit","Ready to add","","https://www.westendpower.com/new-models/stihl-sga-30-battery-sprayer-set-wbattery-charger-29386381b","https://www.westendpower.com/new-models/stihl-sga-30-battery-sprayer-set-wbattery-charger-29386381b"
"SA10 011 7011 US","SGA 60","Kit","Ready to add","","https://www.westendpower.com/new-models/stihl-sga-60-battery-sprayer-set-wbattery-charger-29386386b","https://www.westendpower.com/new-models/stihl-sga-60-battery-sprayer-set-wbattery-charger-29386386b"
"SA02 011 7101 US","SHA 56","Tool","Ready to add","","https://www.westendpower.com/new-models/stihl-sha-56-unit-only-29386367b","https://www.westendpower.com/new-models/stihl-sha-56-unit-only-29386367b"
"SA02 200 0011","SHA 56","Kit","Review variant","","","https://www.westendpower.com/new-models/stihl-sha-56-unit-only-29386367b"
"SA09 011 8511 US","WSA 40","Kit","No catalog page","","",""
"FA08 011 7810 US","FCA 80","Kit","Ready to add","","https://www.westendpower.com/new-models/stihl-fca-80-battery-edger-set-wbattery-charger-29386288b","https://www.westendpower.com/new-models/stihl-fca-80-battery-edger-set-wbattery-charger-29386288b | https://www.westendpower.com/new-models/stihl-fca-80-battery-edger-unit-only-29386276b"
