"SKU","Description","Price","MaxQty"
"4520 400 6516","AK10 Battery","99.99","25"
"4520 400 6536","AK20 Battery","149.99","25"
"4520 400 6546","AK30.0S Battery","171.99","25"
"4850 400 6526","AP20.1 Battery","139.99","25"
"4850 400 6566","AP200S Battery","203.99","25"
"4850 400 6586","AP300S Battery","320.99","25"
"4850 400 6591","AP30.1 Battery","219.99","25"
"4850 430 2522","AL101 Charger","64.99","25"
"4871 400 6511","AR2000L Battery","941.99","25"
"4871 400 6521","AR3000L Battery","1,390.99","25"
"7010 200 0010","AR2000L Backpack Battery Kit","1,229.99","25"
"7010 200 0011","AR3000L Backpack Battery Kit","1,639.99","25"
"EA02 400 6501","AS2 Battery","64.99","25"
"EA03 430 2502","AL1 Charger","64.99","25"
"EA03 430 5702","AL5 Battery Charger","74.99","25"
"EA04 430 5502","AL301-4 Multi-Charger","374.99","25"
"EA09 430 5502","AL301 Rapid Charger with Cooling Fan","117.99","25"
"EA09 430 5702","AL501 High-Speed Charger with Cooling Fan","192.99","25"
"EA10 430 5502","AL1602 Ultra Rapid Charger","649.99","25"
"EA11 430 5702","AL5-2 High Speed Charger","106.99","25"
"EA13 400 6501","AP100.0 P Battery","149.99","25"
"EA13 400 6511","AP200.0 P Battery","199.99","25"
"EA13 400 6521","AP300.0 P C Battery","349.99","25"
"EA13 400 6522","AP300.0 P Battery","329.99","25"
"GA01 011 6906 US","STIHL GTA26 Garden Pruner","119.99","1"
"GA01 011 6911 US","STIHL GTA26 w/AS2 Battery & AL1 Charger","149.99","10"
